{
    "easycom": {
    	"^z-(.*)": "@zebra-ui/swiper/components/z-$1/z-$1.vue"
    },
	"pages": [{
		"path": "pages/login/login",
		"style": {
			"navigationBarBackgroundColor": "#1F82CD",
			"navigationBarTextStyle": "white",
			"navigationBarTitleText": "登录"
		}
	}, {
		"path": "pages/register/register",
		"style": {
			"navigationBarBackgroundColor": "#1F82CD",
			"navigationBarTextStyle": "white",
			"navigationBarTitleText": "注册"
		}
	}, {
		"path": "pages/forget/forget",
		"style": {
			"navigationBarBackgroundColor": "#2593E6",
			"navigationBarTextStyle": "white",
			"navigationBarTitleText": "忘记密码"
		}
	}, {
		"path": "pages/center/center",
		"style": {
			"navigationBarBackgroundColor": "#1F82CD",
			"navigationBarTextStyle": "white",
			"navigationBarTitleText": "我的"
		}
	}, {
		"path": "pages/user-info/user-info",
		"style": {
			"navigationBarBackgroundColor": "#1F82CD",
			"navigationBarTextStyle": "white",
			"navigationBarTitleText": "用户信息"
		}
	}
	, {
		"path": "pages/chat/chat",
		"style": {
			"navigationBarTitleText": "在线咨询"
		}
	}
	, {
		"path": "pages/news-detail/news-detail",
		"style": {
			"navigationBarBackgroundColor": "#1F82CD",
			"navigationBarTextStyle": "white",
			"navigationBarTitleText": "资讯详情"
		}
	}
	,{
		"path": "pages/yonghu/list",
		"style": {
			"navigationBarBackgroundColor": "#1F82CD",
			"navigationBarTextStyle": "white"
		}
	},{
		"path": "pages/yonghu/add-or-update",
		"style": {
			"navigationBarBackgroundColor": "#1F82CD",
			"navigationBarTextStyle": "white"
		}
	},{
		"path": "pages/yonghu/detail",
		"style": {
			"navigationBarBackgroundColor": "#1F82CD",
			"navigationBarTextStyle": "white"
		}
	}
	,{
		"path": "pages/jiaxiaojiaolian/list",
		"style": {
			"navigationBarBackgroundColor": "#1F82CD",
			"navigationBarTextStyle": "white"
		}
	},{
		"path": "pages/jiaxiaojiaolian/add-or-update",
		"style": {
			"navigationBarBackgroundColor": "#1F82CD",
			"navigationBarTextStyle": "white"
		}
	},{
		"path": "pages/jiaxiaojiaolian/detail",
		"style": {
			"navigationBarBackgroundColor": "#1F82CD",
			"navigationBarTextStyle": "white"
		}
	}
	,{
		"path": "pages/jiaxiaoxinxi/list",
		"style": {
			"navigationBarBackgroundColor": "#1F82CD",
			"navigationBarTextStyle": "white"
		}
	},{
		"path": "pages/jiaxiaoxinxi/add-or-update",
		"style": {
			"navigationBarBackgroundColor": "#1F82CD",
			"navigationBarTextStyle": "white"
		}
	},{
		"path": "pages/jiaxiaoxinxi/detail",
		"style": {
			"navigationBarBackgroundColor": "#1F82CD",
			"navigationBarTextStyle": "white"
		}
	}
	,{
		"path": "pages/jiaxiaobaoming/list",
		"style": {
			"navigationBarBackgroundColor": "#1F82CD",
			"navigationBarTextStyle": "white"
		}
	},{
		"path": "pages/jiaxiaobaoming/add-or-update",
		"style": {
			"navigationBarBackgroundColor": "#1F82CD",
			"navigationBarTextStyle": "white"
		}
	},{
		"path": "pages/jiaxiaobaoming/detail",
		"style": {
			"navigationBarBackgroundColor": "#1F82CD",
			"navigationBarTextStyle": "white"
		}
	}
	,{
		"path": "pages/jiaxiaocheliang/list",
		"style": {
			"navigationBarBackgroundColor": "#1F82CD",
			"navigationBarTextStyle": "white"
		}
	},{
		"path": "pages/jiaxiaocheliang/add-or-update",
		"style": {
			"navigationBarBackgroundColor": "#1F82CD",
			"navigationBarTextStyle": "white"
		}
	},{
		"path": "pages/jiaxiaocheliang/detail",
		"style": {
			"navigationBarBackgroundColor": "#1F82CD",
			"navigationBarTextStyle": "white"
		}
	}
	,{
		"path": "pages/yuyuejiaolian/list",
		"style": {
			"navigationBarBackgroundColor": "#1F82CD",
			"navigationBarTextStyle": "white"
		}
	},{
		"path": "pages/yuyuejiaolian/add-or-update",
		"style": {
			"navigationBarBackgroundColor": "#1F82CD",
			"navigationBarTextStyle": "white"
		}
	},{
		"path": "pages/yuyuejiaolian/detail",
		"style": {
			"navigationBarBackgroundColor": "#1F82CD",
			"navigationBarTextStyle": "white"
		}
	}
	,{
		"path": "pages/cheliangyuyue/list",
		"style": {
			"navigationBarBackgroundColor": "#1F82CD",
			"navigationBarTextStyle": "white"
		}
	},{
		"path": "pages/cheliangyuyue/add-or-update",
		"style": {
			"navigationBarBackgroundColor": "#1F82CD",
			"navigationBarTextStyle": "white"
		}
	},{
		"path": "pages/cheliangyuyue/detail",
		"style": {
			"navigationBarBackgroundColor": "#1F82CD",
			"navigationBarTextStyle": "white"
		}
	}
	,{
		"path": "pages/jiaxiaokaoshi/list",
		"style": {
			"navigationBarBackgroundColor": "#1F82CD",
			"navigationBarTextStyle": "white"
		}
	},{
		"path": "pages/jiaxiaokaoshi/add-or-update",
		"style": {
			"navigationBarBackgroundColor": "#1F82CD",
			"navigationBarTextStyle": "white"
		}
	},{
		"path": "pages/jiaxiaokaoshi/detail",
		"style": {
			"navigationBarBackgroundColor": "#1F82CD",
			"navigationBarTextStyle": "white"
		}
	}
	,{
		"path": "pages/kaoshibaoming/list",
		"style": {
			"navigationBarBackgroundColor": "#1F82CD",
			"navigationBarTextStyle": "white"
		}
	},{
		"path": "pages/kaoshibaoming/add-or-update",
		"style": {
			"navigationBarBackgroundColor": "#1F82CD",
			"navigationBarTextStyle": "white"
		}
	},{
		"path": "pages/kaoshibaoming/detail",
		"style": {
			"navigationBarBackgroundColor": "#1F82CD",
			"navigationBarTextStyle": "white"
		}
	}
	,{
		"path": "pages/kechenganpai/list",
		"style": {
			"navigationBarBackgroundColor": "#1F82CD",
			"navigationBarTextStyle": "white"
		}
	},{
		"path": "pages/kechenganpai/add-or-update",
		"style": {
			"navigationBarBackgroundColor": "#1F82CD",
			"navigationBarTextStyle": "white"
		}
	},{
		"path": "pages/kechenganpai/detail",
		"style": {
			"navigationBarBackgroundColor": "#1F82CD",
			"navigationBarTextStyle": "white"
		}
	}
	,{
		"path": "pages/kechengjindu/list",
		"style": {
			"navigationBarBackgroundColor": "#1F82CD",
			"navigationBarTextStyle": "white"
		}
	},{
		"path": "pages/kechengjindu/add-or-update",
		"style": {
			"navigationBarBackgroundColor": "#1F82CD",
			"navigationBarTextStyle": "white"
		}
	},{
		"path": "pages/kechengjindu/detail",
		"style": {
			"navigationBarBackgroundColor": "#1F82CD",
			"navigationBarTextStyle": "white"
		}
	}
	,{
		"path": "pages/storeup/list",
		"style": {
			"navigationBarBackgroundColor": "#1F82CD",
			"navigationBarTextStyle": "white"
		}
	},{
		"path": "pages/storeup/add-or-update",
		"style": {
			"navigationBarBackgroundColor": "#1F82CD",
			"navigationBarTextStyle": "white"
		}
	},{
		"path": "pages/storeup/detail",
		"style": {
			"navigationBarBackgroundColor": "#1F82CD",
			"navigationBarTextStyle": "white"
		}
	}
	,{
		"path": "pages/news/list",
		"style": {
			"navigationBarBackgroundColor": "#1F82CD",
			"navigationBarTextStyle": "white"
		}
	},{
		"path": "pages/news/add-or-update",
		"style": {
			"navigationBarBackgroundColor": "#1F82CD",
			"navigationBarTextStyle": "white"
		}
	},{
		"path": "pages/news/detail",
		"style": {
			"navigationBarBackgroundColor": "#1F82CD",
			"navigationBarTextStyle": "white"
		}
	}
	,{
		"path": "pages/discussjiaxiaojiaolian/list",
		"style": {
			"navigationBarBackgroundColor": "#1F82CD",
			"navigationBarTextStyle": "white"
		}
	},{
		"path": "pages/discussjiaxiaojiaolian/add-or-update",
		"style": {
			"navigationBarBackgroundColor": "#1F82CD",
			"navigationBarTextStyle": "white"
		}
	},{
		"path": "pages/discussjiaxiaojiaolian/detail",
		"style": {
			"navigationBarBackgroundColor": "#1F82CD",
			"navigationBarTextStyle": "white"
		}
	}
	,{
		"path": "pages/discussjiaxiaoxinxi/list",
		"style": {
			"navigationBarBackgroundColor": "#1F82CD",
			"navigationBarTextStyle": "white"
		}
	},{
		"path": "pages/discussjiaxiaoxinxi/add-or-update",
		"style": {
			"navigationBarBackgroundColor": "#1F82CD",
			"navigationBarTextStyle": "white"
		}
	},{
		"path": "pages/discussjiaxiaoxinxi/detail",
		"style": {
			"navigationBarBackgroundColor": "#1F82CD",
			"navigationBarTextStyle": "white"
		}
	}
	, {
		"path": "pages/pay-confirm/pay-confirm",
		"style": {
			"navigationBarTitleText": "确认支付"
		}
	}
	, {
		"path": "pages/index/index",
		"style": {
			"navigationBarBackgroundColor": "#1F82CD",
			"navigationBarTextStyle": "white",
			"navigationBarTitleText": "首页"
		}
	}
	],
	"globalStyle": {
		"navigationBarTextStyle": "black",
		"navigationBarTitleText": "驾校报名小程序",
		"navigationBarBackgroundColor": "#F8F8F8",
		"backgroundColor": "#F8F8F8"
	},
	"tabBar": {
		"color": "#000000",
		"selectedColor": "#FF0000",
		"borderStyle": "black",
		"backgroundColor": "#FFFFFF",
		"list": [{
				"pagePath": "pages/index/index",
				"iconPath": "static/tabs/index.png",
				"selectedIconPath": "static/tabs/index1.png",
				"text": "首页"
			}
			


			,{
			 	"pagePath": "pages/news/list",
				"iconPath": "static/tabs/news.png",
			 	"selectedIconPath": "static/tabs/news_act.png",
				"text": "通知公告"
			}





			,{
				"pagePath": "pages/center/center",
				"iconPath": "static/tabs/mine.png",
				"selectedIconPath": "static/tabs/mine1.png",
				"text": "我的"
			}
		]
	}
}
